{
  "Atlantic": {
    "cities": [
      "Absecon",
      "Atlantic City",
      "Brigantine",
      "Buena",
      "Buena Vista",
      "Corbin City",
      "Egg Harbor City",
      "Egg Harbor Twp",
      "Egg Harbor Township",
      "Estell Manor",
      "Folsom",
      "Galloway",
      "Galloway Twp",
      "Galloway Township",
      "Hamilton",
      "Hammonton",
      "Linwood",
      "Margate",
      "Margate City",
      "Mays Landing",
      "Minotola",
      "Mullica",
      "Northfield",
      "Pleasantville",
      "Port Republic",
      "Somers Point",
      "Ventnor",
      "Ventnor City",
      "Weymouth"
    ]
  },
  "Bergen": {
    "cities": [
      "Allendale",
      "Alpine",
      "Bergenfield",
      "Bogota",
      "Carlstadt",
      "Cliffside Park",
      "Closter",
      "Cresskill",
      "Demarest",
      "Dumont",
      "East Rutherford",
      "Edgewater",
      "Elmwood Park",
      "Emerson",
      "Englewood",
      "Englewood Cliffs",
      "Fair Lawn",
      "Fairview",
      "Fort Lee",
      "Franklin Lakes",
      "Garfield",
      "Glen Rock",
      "Hackensack",
      "Harrington Park",
      "Hasbrouck Heights",
      "Haworth",
      "Hillsdale",
      "Ho-Ho-Kus",
      "Leonia",
      "Little Ferry",
      "Lodi",
      "Lyndhurst",
      "Mahwah",
      "Maywood",
      "Midland Park",
      "Montvale",
      "Moonachie",
      "New Milford",
      "North Arlington",
      "Northvale",
      "Norwood",
      "Oakland",
      "Old Tappan",
      "Oradell",
      "Palisades Park",
      "Paramus",
      "Park Ridge",
      "Ramsey",
      "Ridgefield",
      "Ridgefield Park",
      "Ridgewood",
      "River Edge",
      "River Vale",
      "Rochelle Park",
      "Rockleigh",
      "Rutherford",
      "Saddle Brook",
      "Saddle River",
      "South Hackensack",
      "Teaneck",
      "Tenafly",
      "Teterboro",
      "Upper Saddle River",
      "Waldwick",
      "Wallington",
      "Washington",
      "Washington Twp",
      "Washington Township",
      "Westwood",
      "Woodcliff Lake",
      "Wood Ridge",
      "Wood-Ridge",
      "Wyckoff"
    ]
  },
  "Burlington": {
    "cities": [
      "Bass River",
      "Beverly",
      "Bordentown City",
      "Bordentown Township",
      "Browns Mills",
      "Burlington",
      "Burlington City",
      "Burlington Township",
      "Chesterfield",
      "Cinnaminson",
      "Delanco",
      "Delran",
      "Eastampton",
      "Edgewater Park",
      "Evesham",
      "Fieldsboro",
      "Florence",
      "Hainesport",
      "Lumberton",
      "Mansfield",
      "Maple Shade",
      "Marlton",
      "Medford",
      "Medford Lakes",
      "Moorestown",
      "Mount Holly",
      "Mt Holly",
      "Mt. Holly",
      "Mount Laurel",
      "Mt Laurel",
      "Mt. Laurel",
      "New Hanover",
      "North Hanover",
      "Palmyra",
      "Pemberton",
      "Pemberton Borough",
      "Pemberton Township",
      "Pemberton Twp",
      "Riverside",
      "Riverton",
      "Roebling",
      "Shamong",
      "Southampton",
      "Springfield",
      "Tabernacle",
      "Vincentown",
      "Washington",
      "Westampton",
      "Willingboro",
      "Woodland",
      "Wrightstown"
    ]
  },
  "Camden": {
    "cities": [
      "Audubon",
      "Audubon Park",
      "Barrington",
      "Bellmawr",
      "Berlin borough",
      "Berlin township",
      "Brooklawn",
      "Camden",
      "Cherry Hill",
      "Chesilhurst",
      "Clementon",
      "Collingswood",
      "Gibbsboro",
      "Gloucester township",
      "Gloucester City",
      "Haddon",
      "Haddon Heights",
      "Haddonfield",
      "Hi-Nella",
      "Laurel Springs",
      "Lawnside",
      "Lindenwold",
      "Magnolia",
      "Merchantville",
      "Mount Ephraim",
      "Oaklyn borough",
      "Pennsauken",
      "Pine Hill",
      "Pine Valley",
      "Runnemede",
      "Somerdale",
      "Stratford",
      "Tavistock",
      "Voorhees",
      "Waterford",
      "Winslow",
      "Woodlynne"
    ]
  },
  "Cumberland": {
    "cities": [
      "Bridgeton",
      "Cedarville",
      "Commercial",
      "Deerfield",
      "Downe",
      "Fairfield",
      "Fairton",
      "Greenwich",
      "Heislerville",
      "Hopewell",
      "Lawrence",
      "Maurice River",
      "Millville",
      "Newport",
      "Port Elizabeth",
      "Port Norris",
      "Shiloh",
      "Stow Creek",
      "Upper Deerfield",
      "Vineland"
    ]
  },
  "Essex": {
    "cities": [
      "Belleville",
      "Bloomfield",
      "Caldwell Borough",
      "Cedar Grove",
      "City of Orange",
      "East Orange",
      "Essex Fells",
      "Fairfield",
      "Glen Ridge",
      "Irvington",
      "Livingston",
      "Maplewood",
      "Millburn",
      "Montclair",
      "Newark",
      "North Caldwell",
      "Nutley",
      "Orange",
      "Roseland",
      "Verona",
      "Village of South Orange",
      "West Caldwell",
      "West Orange"
    ]
  },
  "Hudson": {
    "cities": [
      "Bayonne",
      "East Newark",
      "Guttenberg",
      "Harrison",
      "Hoboken",
      "Jersey City",
      "Kearny",
      "North Bergen",
      "Secaucus",
      "Union City",
      "Weehawken",
      "West New York"
    ]
  },
  "Hunterdon": {
    "cities": [
      "Alexandria",
      "Asbury",
      "Bethlehem",
      "Bloomsbury",
      "Califon",
      "Clinton town",
      "Clinton township",
      "Delaware",
      "East Amwell",
      "Flemington",
      "Franklin",
      "Frenchtown",
      "Glen Gardner",
      "Hampton",
      "High Bridge",
      "Holland",
      "Kingwood",
      "Lambertville",
      "Lebanon borough",
      "Lebanon township",
      "Milford",
      "Neshanic Station",
      "Pittstown",
      "Raritan",
      "Readington",
      "Ringoes",
      "Stockton",
      "Tewksbury",
      "Three Bridges",
      "Union",
      "West Amwell",
      "Whitehouse Station"
    ]
  },
  "Monmouth": {
    "cities": [
      "Aberdeen",
      "Allenhurst",
      "Allentown",
      "Asbury Park",
      "Atlantic Highlands",
      "Avon-by-the-Sea",
      "Belmar",
      "Bradley Beach",
      "Brielle",
      "Colts Neck",
      "Deal",
      "Eatontown",
      "Englishtown",
      "Fair Haven",
      "Farmingdale",
      "Freehold borough",
      "Freehold township",
      "Hazlet",
      "Highlands",
      "Holmdel",
      "Howell",
      "Interlaken",
      "Keansburg",
      "Keyport",
      "Little Silver",
      "Loch Arbour",
      "Long Branch",
      "Manalapan",
      "Manasquan",
      "Marlboro",
      "Matawan",
      "Middletown",
      "Millstone",
      "Monmouth Beach",
      "Neptune",
      "Neptune City",
      "Ocean",
      "Oceanport",
      "Red Bank",
      "Roosevelt",
      "Rumson",
      "Sea Bright",
      "Sea Girt",
      "Shrewsbury borough",
      "Shrewsbury township",
      "South Belmar",
      "Spring Lake Boro",
      "Spring Lake Heights",
      "Tinton Falls",
      "Union Beach",
      "Upper Freehold",
      "Wall",
      "West Long Branch"
    ]
  },
  "Morris": {
    "cities": [
      "Boonton",
      "Boonton Town",
      "Boonton Township",
      "Boonton Twp",
      "Budd Lake",
      "Butler",
      "Chatham",
      "Chatham Borough",
      "Chatham Township",
      "Chatham Twp",
      "Chester",
      "Chester Borough",
      "Chester Township",
      "Chester Twp",
      "Denville",
      "Dover",
      "East Hanover",
      "Flanders",
      "Florham Park",
      "Hackettstown",
      "Hanover",
      "Harding",
      "Hiawatha",
      "Hopatcong",
      "Jefferson",
      "Kenvil",
      "Kinnelon",
      "Landing",
      "Ledgewood",
      "Lincoln Park",
      "Long Hill",
      "Long Valley",
      "Madison",
      "Mendham",
      "Mendham Borough",
      "Mendham Township",
      "Mendham Twp",
      "Millington",
      "Mine Hill",
      "Montville",
      "Morris",
      "Morris Plains",
      "Morristown",
      "Mount Arlington",
      "Mount Olive",
      "Mountain Lakes",
      "Netcong",
      "Oak Ridge",
      "Parsippany",
      "Parsippany-Troy Hills",
      "Parsippany - Troy Hills",
      "Pequannock",
      "Pompton Plains",
      "Randolph",
      "Randolph Township",
      "Randolph Twp",
      "Riverdale",
      "Rockaway",
      "Rockaway Borough",
      "Rockaway Township",
      "Rockaway Twp",
      "Roxbury",
      "Succasunna",
      "Towaco",
      "Victory Gardens",
      "Washington",
      "Wharton",
      "Whippany"
    ]
  },
  "Passaic": {
    "cities": [
      "Bloomingdale",
      "Clifton",
      "Haledon",
      "Hawthorne",
      "Hewitt",
      "Little Falls",
      "North Haledon",
      "Passaic",
      "Paterson",
      "Pompton Lakes",
      "Prospect Park",
      "Ringwood",
      "Totowa",
      "Wanaque",
      "Wayne",
      "West Milford",
      "West Paterson",
      "Woodland Park"
    ]
  },
  "Salem": {
    "cities": [
      "Alloway",
      "Carneys Point",
      "Elmer",
      "Elsinboro",
      "Lower Alloways Creek",
      "Mannington",
      "Oldmans",
      "Penns Grove",
      "Pennsville",
      "Pilesgrove",
      "Pittsgrove",
      "Quinton",
      "Salem",
      "Upper Pittsgrove",
      "Woodstown"
    ]
  },
  "Union": {
    "cities": [
      "Berkeley Heights",
      "Clark",
      "Cranford",
      "Elizabeth",
      "Fanwood",
      "Garwood",
      "Hillside",
      "Kenilworth",
      "Linden",
      "Mountainside",
      "New Providence",
      "Plainfield",
      "Rahway",
      "Roselle",
      "Roselle Park",
      "Scotch Plains",
      "Springfield",
      "Summit",
      "Union",
      "Westfield",
      "Winfield"
    ]
  }
}
